text,text_lower,lemma,lemma_lower,part_of_speech,is_alphabet,is_stopword
CAMBODIA,cambodia,CAMBODIA,cambodia,PROPN,True,False
 , , , ,SPACE,False,False
Indigenous,indigenous,Indigenous,indigenous,PROPN,True,False
Peoples,peoples,Peoples,peoples,PROPN,True,False
of,of,of,of,ADP,True,True
Cambodia,cambodia,Cambodia,cambodia,PROPN,True,False
and,and,and,and,CCONJ,True,True
the,the,the,the,DET,True,True
2007,2007,2007,2007,NUM,False,False
Human,human,Human,human,PROPN,True,False
Development,development,Development,development,PROPN,True,False
Report,report,Report,report,PROPN,True,False
The,the,the,the,DET,True,True
indigenous,indigenous,indigenous,indigenous,ADJ,True,False
peoples,peoples,people,people,NOUN,True,False
of,of,of,of,ADP,True,True
Cambodia,cambodia,Cambodia,cambodia,PROPN,True,False
include,include,include,include,VERB,True,False
the,the,the,the,DET,True,True
Brao,brao,Brao,brao,PROPN,True,False
",",",",",",",",PUNCT,False,False
Chong,chong,Chong,chong,PROPN,True,False
or,or,or,or,CCONJ,True,True
Khmer,khmer,Khmer,khmer,PROPN,True,False
Daoem,daoem,Daoem,daoem,PROPN,True,False
",",",",",",",",PUNCT,False,False
Jarai,jarai,Jarai,jarai,PROPN,True,False
",",",",",",",",PUNCT,False,False
Kachak,kachak,Kachak,kachak,PROPN,True,False
",",",",",",",",PUNCT,False,False
Kanchruk,kanchruk,Kanchruk,kanchruk,PROPN,True,False
",",",",",",",",PUNCT,False,False
Kavet,kavet,Kavet,kavet,PROPN,True,False
",",",",",",",",PUNCT,False,False
Khaonh,khaonh,Khaonh,khaonh,PROPN,True,False
",",",",",",",",PUNCT,False,False
Kraol,kraol,Kraol,kraol,PROPN,True,False
",",",",",",",",PUNCT,False,False
Kreung,kreung,Kreung,kreung,PROPN,True,False
",",",",",",",",PUNCT,False,False
Kui,kui,Kui,kui,PROPN,True,False
",",",",",",",",PUNCT,False,False
Lun,lun,Lun,lun,PROPN,True,False
",",",",",",",",PUNCT,False,False
Mil,mil,Mil,mil,PROPN,True,False
(,(,(,(,PUNCT,False,False
Mel,mel,Mel,mel,PROPN,True,False
),),),),PUNCT,False,False
",",",",",",",",PUNCT,False,False
Por,por,Por,por,PROPN,True,False
(,(,(,(,PUNCT,False,False
Poar,poar,Poar,poar,PROPN,True,False
",",",",",",",",PUNCT,False,False
Pear,pear,Pear,pear,PROPN,True,False
),),),),PUNCT,False,False
",",",",",",",",PUNCT,False,False
Phnong,phnong,Phnong,phnong,PROPN,True,False
(,(,(,(,PUNCT,False,False
Punong,punong,Punong,punong,PROPN,True,False
),),),),PUNCT,False,False
",",",",",",",",PUNCT,False,False
Rhade,rhade,Rhade,rhade,PROPN,True,False
(,(,(,(,PUNCT,False,False
Ede,ede,Ede,ede,PROPN,True,False
),),),),PUNCT,False,False
",",",",",",",",PUNCT,False,False
R,r,R,r,PROPN,True,False
™,™,™,™,PROPN,False,False
ong,ong,ong,ong,PROPN,True,False
",",",",",",",",PUNCT,False,False
S,s,S,s,PROPN,True,False
™,™,™,™,PROPN,False,False
och,och,och,och,PROPN,True,False
(,(,(,(,PUNCT,False,False
Saoch,saoch,Saoch,saoch,PROPN,True,False
),),),),PUNCT,False,False
",",",",",",",",PUNCT,False,False
Stieng,stieng,Stieng,stieng,PROPN,True,False
",",",",",",",",PUNCT,False,False
Suoy,suoy,Suoy,suoy,PROPN,True,False
",",",",",",",",PUNCT,False,False
Thmon,thmon,Thmon,thmon,PROPN,True,False
",",",",",",",",PUNCT,False,False
and,and,and,and,CCONJ,True,True
Tumpuon.11,tumpuon.11,Tumpuon.11,tumpuon.11,PROPN,False,False
They,they,-PRON-,-pron-,PRON,True,True
constitute,constitute,constitute,constitute,VERB,True,False
about,about,about,about,ADV,True,True
1,1,1,1,NUM,False,False
percent,percent,percent,percent,NOUN,True,False
of,of,of,of,ADP,True,True
the,the,the,the,DET,True,True
Cambodian,cambodian,cambodian,cambodian,ADJ,True,False
population,population,population,population,NOUN,True,False
and,and,and,and,CCONJ,True,True
are,are,be,be,AUX,True,True
spread,spread,spread,spread,VERB,True,False
across,across,across,across,ADP,True,True
the,the,the,the,DET,True,True
provinces,provinces,province,province,NOUN,True,False
of,of,of,of,ADP,True,True
Kratie,kratie,Kratie,kratie,PROPN,True,False
",",",",",",",",PUNCT,False,False
Mondolkiri,mondolkiri,Mondolkiri,mondolkiri,PROPN,True,False
",",",",",",",",PUNCT,False,False
Rattanakiri,rattanakiri,Rattanakiri,rattanakiri,PROPN,True,False
",",",",",",",",PUNCT,False,False
Stueng,stueng,Stueng,stueng,PROPN,True,False
Treng,treng,Treng,treng,PROPN,True,False
",",",",",",",",PUNCT,False,False
Kampong,kampong,Kampong,kampong,PROPN,True,False
Thom,thom,Thom,thom,PROPN,True,False
",",",",",",",",PUNCT,False,False
Koh,koh,Koh,koh,PROPN,True,False
Kong,kong,Kong,kong,PROPN,True,False
",",",",",",",",PUNCT,False,False
Pursat,pursat,Pursat,pursat,PROPN,True,False
",",",",",",",",PUNCT,False,False
Kampong,kampong,Kampong,kampong,PROPN,True,False
Speu,speu,Speu,speu,PROPN,True,False
",",",",",",",",PUNCT,False,False
and,and,and,and,CCONJ,True,True
Sihanoukville,sihanoukville,Sihanoukville,sihanoukville,PROPN,True,False
.,.,.,.,PUNCT,False,False
Indigenous,indigenous,indigenous,indigenous,ADJ,True,False
peoples,peoples,people,people,NOUN,True,False
",",",",",",",",PUNCT,False,False
particularly,particularly,particularly,particularly,ADV,True,False
in,in,in,in,ADP,True,True
the,the,the,the,DET,True,True
northeast,northeast,northeast,northeast,NOUN,True,False
",",",",",",",",PUNCT,False,False
have,have,have,have,AUX,True,True
different,different,different,different,ADJ,True,False
ways,ways,way,way,NOUN,True,False
of,of,of,of,ADP,True,True
living,living,living,living,NOUN,True,False
compared,compared,compare,compare,VERB,True,False
with,with,with,with,ADP,True,True
the,the,the,the,DET,True,True
rest,rest,rest,rest,NOUN,True,False
of,of,of,of,ADP,True,True
the,the,the,the,DET,True,True
Cambodian,cambodian,cambodian,cambodian,ADJ,True,False
population,population,population,population,NOUN,True,False
.,.,.,.,PUNCT,False,False
They,they,-PRON-,-pron-,PRON,True,True
are,are,be,be,AUX,True,True
forest,forest,forest,forest,NOUN,True,False
dependent,dependent,dependent,dependent,ADJ,True,False
",",",",",",",",PUNCT,False,False
practice,practice,practice,practice,NOUN,True,False
shifting,shifting,shift,shift,VERB,True,False
cultivation,cultivation,cultivation,cultivation,NOUN,True,False
",",",",",",",",PUNCT,False,False
and,and,and,and,CCONJ,True,True
live,live,live,live,VERB,True,False
on,on,on,on,ADP,True,True
spread,spread,spread,spread,VERB,True,False
-,-,-,-,PUNCT,False,False
out,out,out,out,ADP,True,True
hamlets,hamlets,hamlet,hamlet,NOUN,True,False
.,.,.,.,PUNCT,False,False
  ,  ,  ,  ,SPACE,False,False
The,the,the,the,DET,True,True
2007,2007,2007,2007,NUM,False,False
Human,human,Human,human,PROPN,True,False
Development,development,Development,development,PROPN,True,False
Report,report,Report,report,PROPN,True,False
for,for,for,for,ADP,True,True
Cambodia12,cambodia12,Cambodia12,cambodia12,PROPN,False,False
explicitly,explicitly,explicitly,explicitly,ADV,True,False
addresses,addresses,address,address,VERB,True,False
the,the,the,the,DET,True,True
state,state,state,state,NOUN,True,False
of,of,of,of,ADP,True,True
affairs,affairs,affair,affair,NOUN,True,False
of,of,of,of,ADP,True,True
indigenous,indigenous,indigenous,indigenous,ADJ,True,False
peoples,peoples,people,people,NOUN,True,False
in,in,in,in,ADP,True,True
the,the,the,the,DET,True,True
country,country,country,country,NOUN,True,False
",",",",",",",",PUNCT,False,False
particularly,particularly,particularly,particularly,ADV,True,False
in,in,in,in,ADP,True,True
the,the,the,the,DET,True,True
context,context,context,context,NOUN,True,False
of,of,of,of,ADP,True,True
land,land,land,land,NOUN,True,False
issues,issues,issue,issue,NOUN,True,False
",",",",",",",",PUNCT,False,False
as,as,as,as,SCONJ,True,True
it,it,-PRON-,-pron-,PRON,True,True
focuses,focuses,focus,focus,VERB,True,False
on,on,on,on,ADP,True,True
rural,rural,rural,rural,ADJ,True,False
development,development,development,development,NOUN,True,False
and,and,and,and,CCONJ,True,True
expanding,expanding,expand,expand,VERB,True,False
opportunities,opportunities,opportunity,opportunity,NOUN,True,False
for,for,for,for,ADP,True,True
rural,rural,rural,rural,ADJ,True,False
people,people,people,people,NOUN,True,False
in,in,in,in,ADP,True,True
order,order,order,order,NOUN,True,False
to,to,to,to,PART,True,True
achieve,achieve,achieve,achieve,VERB,True,False
human,human,human,human,ADJ,True,False
development,development,development,development,NOUN,True,False
and,and,and,and,CCONJ,True,True
MDGs,mdgs,MDGs,mdgs,PROPN,True,False
.,.,.,.,PUNCT,False,False
Overall,overall,overall,overall,ADV,True,False
",",",",",",",",PUNCT,False,False
the,the,the,the,DET,True,True
Report,report,Report,report,PROPN,True,False
states,states,state,state,VERB,True,False
that,that,that,that,SCONJ,True,True
Cambodia,cambodia,Cambodia,cambodia,PROPN,True,False
is,is,be,be,AUX,True,True
making,making,make,make,VERB,True,False
moderate,moderate,moderate,moderate,ADJ,True,False
progress,progress,progress,progress,NOUN,True,False
in,in,in,in,ADP,True,True
meeting,meeting,meet,meet,VERB,True,False
MDG,mdg,MDG,mdg,PROPN,True,False
targets,targets,target,target,NOUN,True,False
.,.,.,.,PUNCT,False,False
Access,access,access,access,NOUN,True,False
to,to,to,to,ADP,True,True
education,education,education,education,NOUN,True,False
and,and,and,and,CCONJ,True,True
health,health,health,health,NOUN,True,False
services,services,service,service,NOUN,True,False
has,has,have,have,AUX,True,True
improved,improved,improve,improve,VERB,True,False
and,and,and,and,CCONJ,True,True
poverty,poverty,poverty,poverty,NOUN,True,False
has,has,have,have,AUX,True,True
declined,declined,decline,decline,VERB,True,False
.,.,.,.,PUNCT,False,False
Primary,primary,primary,primary,ADJ,True,False
school,school,school,school,NOUN,True,False
enrollment,enrollment,enrollment,enrollment,NOUN,True,False
has,has,have,have,AUX,True,True
risen,risen,rise,rise,VERB,True,False
significantly,significantly,significantly,significantly,ADV,True,False
",",",",",",",",PUNCT,False,False
and,and,and,and,CCONJ,True,True
the,the,the,the,DET,True,True
gender,gender,gender,gender,NOUN,True,False
gap,gap,gap,gap,NOUN,True,False
in,in,in,in,ADP,True,True
education,education,education,education,NOUN,True,False
is,is,be,be,AUX,True,True
narrowing,narrowing,narrow,narrow,VERB,True,False
.,.,.,.,PUNCT,False,False
These,these,these,these,DET,True,True
improvements,improvements,improvement,improvement,NOUN,True,False
in,in,in,in,ADP,True,True
human,human,human,human,ADJ,True,False
development,development,development,development,NOUN,True,False
are,are,be,be,AUX,True,True
due,due,due,due,ADJ,True,True
in,in,in,in,ADP,True,True
part,part,part,part,NOUN,True,True
to,to,to,to,ADP,True,True
Cambodia,cambodia,Cambodia,cambodia,PROPN,True,False
™,™,™,™,PROPN,False,False
s,s,s,s,PART,True,False
steady,steady,steady,steady,ADJ,True,False
growth,growth,growth,growth,NOUN,True,False
in,in,in,in,ADP,True,True
the,the,the,the,DET,True,True
economic,economic,economic,economic,ADJ,True,False
sector,sector,sector,sector,NOUN,True,False
.,.,.,.,PUNCT,False,False
Most,most,Most,most,ADJ,True,True
indicators,indicators,indicator,indicator,NOUN,True,False
of,of,of,of,ADP,True,True
growth,growth,growth,growth,NOUN,True,False
",",",",",",",",PUNCT,False,False
however,however,however,however,ADV,True,True
",",",",",",",",PUNCT,False,False
have,have,have,have,AUX,True,True
been,been,be,be,AUX,True,True
urban,urban,urban,urban,ADJ,True,False
-,-,-,-,PUNCT,False,False
based,based,base,base,VERB,True,False
and,and,and,and,CCONJ,True,True
in,in,in,in,ADP,True,True
volatile,volatile,volatile,volatile,ADJ,True,False
industries,industries,industry,industry,NOUN,True,False
",",",",",",",",PUNCT,False,False
including,including,include,include,VERB,True,False
garment,garment,garment,garment,NOUN,True,False
export,export,export,export,NOUN,True,False
",",",",",",",",PUNCT,False,False
tourism,tourism,tourism,tourism,NOUN,True,False
",",",",",",",",PUNCT,False,False
and,and,and,and,CCONJ,True,True
construction,construction,construction,construction,NOUN,True,False
.,.,.,.,PUNCT,False,False
 , , , ,SPACE,False,False
Amidst,amidst,Amidst,amidst,PROPN,True,False
Cambodia,cambodia,Cambodia,cambodia,PROPN,True,False
™,™,™,™,PROPN,False,False
s,s,s,s,PART,True,False
increasing,increasing,increase,increase,VERB,True,False
economic,economic,economic,economic,ADJ,True,False
growth,growth,growth,growth,NOUN,True,False
",",",",",",",",PUNCT,False,False
inequality,inequality,inequality,inequality,NOUN,True,False
in,in,in,in,ADP,True,True
income,income,income,income,NOUN,True,False
distribution,distribution,distribution,distribution,NOUN,True,False
exists,exists,exist,exist,VERB,True,False
and,and,and,and,CCONJ,True,True
poverty,poverty,poverty,poverty,NOUN,True,False
is,is,be,be,AUX,True,True
persistent,persistent,persistent,persistent,ADJ,True,False
in,in,in,in,ADP,True,True
rural,rural,rural,rural,ADJ,True,False
areas,areas,area,area,NOUN,True,False
.,.,.,.,PUNCT,False,False
Child,child,child,child,NOUN,True,False
and,and,and,and,CCONJ,True,True
maternal,maternal,maternal,maternal,ADJ,True,False
mortality,mortality,mortality,mortality,NOUN,True,False
rates,rates,rate,rate,NOUN,True,False
are,are,be,be,AUX,True,True
still,still,still,still,ADV,True,True
high,high,high,high,ADJ,True,False
and,and,and,and,CCONJ,True,True
land,land,land,land,NOUN,True,False
issues,issues,issue,issue,NOUN,True,False
pose,pose,pose,pose,VERB,True,False
a,a,a,a,DET,True,True
major,major,major,major,ADJ,True,False
challenge,challenge,challenge,challenge,NOUN,True,False
to,to,to,to,ADP,True,True
the,the,the,the,DET,True,True
livelihoods,livelihoods,livelihood,livelihood,NOUN,True,False
of,of,of,of,ADP,True,True
people,people,people,people,NOUN,True,False
",",",",",",",",PUNCT,False,False
particularly,particularly,particularly,particularly,ADV,True,False
in,in,in,in,ADP,True,True
the,the,the,the,DET,True,True
more,more,more,more,ADV,True,True
isolated,isolated,isolated,isolated,ADJ,True,False
rural,rural,rural,rural,ADJ,True,False
areas,areas,area,area,NOUN,True,False
.,.,.,.,PUNCT,False,False
Although,although,although,although,SCONJ,True,True
the,the,the,the,DET,True,True
Report,report,Report,report,PROPN,True,False
does,does,do,do,AUX,True,True
not,not,not,not,PART,True,True
provide,provide,provide,provide,VERB,True,False
disaggregated,disaggregated,disaggregated,disaggregated,ADJ,True,False
data,data,datum,datum,NOUN,True,False
specific,specific,specific,specific,ADJ,True,False
to,to,to,to,ADP,True,True
indigenous,indigenous,indigenous,indigenous,ADJ,True,False
peoples,peoples,people,people,NOUN,True,False
",",",",",",",",PUNCT,False,False
it,it,-PRON-,-pron-,PRON,True,True
shows,shows,show,show,VERB,True,False
that,that,that,that,SCONJ,True,True
provinces,provinces,province,province,NOUN,True,False
in,in,in,in,ADP,True,True
the,the,the,the,DET,True,True
northeast,northeast,northeast,northeast,NOUN,True,False
with,with,with,with,ADP,True,True
the,the,the,the,DET,True,True
largest,largest,large,large,ADJ,True,False
concentrations,concentrations,concentration,concentration,NOUN,True,False
of,of,of,of,ADP,True,True
indigenous,indigenous,indigenous,indigenous,ADJ,True,False
inhabitants,inhabitants,inhabitant,inhabitant,NOUN,True,False
have,have,have,have,AUX,True,True
the,the,the,the,DET,True,True
lowest,lowest,low,low,ADJ,True,False
Human,human,Human,human,PROPN,True,False
Development,development,Development,development,PROPN,True,False
Index,index,Index,index,PROPN,True,False
values,values,value,value,NOUN,True,False
.,.,.,.,PUNCT,False,False
Because,because,because,because,SCONJ,True,True
agriculture,agriculture,agriculture,agriculture,NOUN,True,False
employs,employs,employ,employ,VERB,True,False
most,most,most,most,ADJ,True,True
people,people,people,people,NOUN,True,False
who,who,who,who,PRON,True,True
live,live,live,live,VERB,True,False
in,in,in,in,ADP,True,True
rural,rural,rural,rural,ADJ,True,False
areas,areas,area,area,NOUN,True,False
",",",",",",",",PUNCT,False,False
low,low,low,low,ADJ,True,False
or,or,or,or,CCONJ,True,True
uneven,uneven,uneven,uneven,ADJ,True,False
yields,yields,yield,yield,NOUN,True,False
across,across,across,across,ADP,True,True
the,the,the,the,DET,True,True
region,region,region,region,NOUN,True,False
greatly,greatly,greatly,greatly,ADV,True,False
affect,affect,affect,affect,VERB,True,False
farmer,farmer,farmer,farmer,NOUN,True,False
™,™,™,™,PROPN,False,False
s,s,s,s,PROPN,True,False
incomes,incomes,income,income,NOUN,True,False
",",",",",",",",PUNCT,False,False
and,and,and,and,CCONJ,True,True
hence,hence,hence,hence,ADV,True,True
human,human,human,human,ADJ,True,False
development,development,development,development,NOUN,True,False
.,.,.,.,PUNCT,False,False
The,the,the,the,DET,True,True
following,following,follow,follow,VERB,True,False
aspects,aspects,aspect,aspect,NOUN,True,False
of,of,of,of,ADP,True,True
development,development,development,development,NOUN,True,False
are,are,be,be,AUX,True,True
a,a,a,a,DET,True,True
major,major,major,major,ADJ,True,False
concern,concern,concern,concern,NOUN,True,False
in,in,in,in,ADP,True,True
rural,rural,rural,rural,ADJ,True,False
areas,areas,area,area,NOUN,True,False
:,:,:,:,PUNCT,False,False
Income,income,income,income,NOUN,True,False
distribution,distribution,distribution,distribution,NOUN,True,False
The,the,the,the,DET,True,True
Report,report,Report,report,PROPN,True,False
states,states,state,state,VERB,True,False
that,that,that,that,SCONJ,True,True
of,of,of,of,ADP,True,True
the,the,the,the,DET,True,True
one,one,one,one,NUM,True,True
-,-,-,-,PUNCT,False,False
third,third,third,third,NOUN,True,True
of,of,of,of,ADP,True,True
the,the,the,the,DET,True,True
population,population,population,population,NOUN,True,False
that,that,that,that,PRON,True,True
live,live,live,live,VERB,True,False
below,below,below,below,ADP,True,True
the,the,the,the,DET,True,True
poverty,poverty,poverty,poverty,NOUN,True,False
line,line,line,line,NOUN,True,False
",",",",",",",",PUNCT,False,False
ral,ral,ral,ral,PROPN,True,False
areas,areas,area,area,NOUN,True,False
.,.,.,.,PUNCT,False,False
A,a,a,a,DET,True,True
substantial,substantial,substantial,substantial,ADJ,True,False
percentage,percentage,percentage,percentage,NOUN,True,False
of,of,of,of,ADP,True,True
the,the,the,the,DET,True,True
country,country,country,country,NOUN,True,False
™,™,™,™,PROPN,False,False
sindigenous,sindigenous,sindigenous,sindigenous,PROPN,True,False
lands,lands,land,land,VERB,True,False
vulnerable,vulnerable,vulnerable,vulnerable,ADJ,True,False
topopulation,topopulation,topopulation,topopulation,NOUN,True,False
remain,remain,remain,remain,VERB,True,False
food,food,food,food,NOUN,True,False
insecure,insecure,insecure,insecure,ADJ,True,False
and,and,and,and,CCONJ,True,True
at,at,at,at,ADP,True,True
risk,risk,risk,risk,NOUN,True,False
for,for,for,for,ADP,True,True
ill,ill,ill,ill,ADJ,True,False
health,health,health,health,NOUN,True,False
",",",",",",",",PUNCT,False,False
malnourishment,malnourishment,malnourishment,malnourishment,NOUN,True,False
",",",",",",",",PUNCT,False,False
and,and,and,and,CCONJ,True,True
diseases,diseases,disease,disease,NOUN,True,False
.,.,.,.,PUNCT,False,False
Access,access,access,access,NOUN,True,False
to,to,to,to,ADP,True,True
safe,safe,safe,safe,ADJ,True,False
drinking,drinking,drinking,drinking,NOUN,True,False
water,water,water,water,NOUN,True,False
is,is,be,be,AUX,True,True
also,also,also,also,ADV,True,True
a,a,a,a,DET,True,True
major,major,major,major,ADJ,True,False
concern,concern,concern,concern,NOUN,True,False
in,in,in,in,ADP,True,True
rural,rural,rural,rural,ADJ,True,False
areas,areas,area,area,NOUN,True,False
.,.,.,.,PUNCT,False,False
  ,  ,  ,  ,SPACE,False,False
Available,available,available,available,ADJ,True,False
data,data,datum,datum,NOUN,True,False
in,in,in,in,ADP,True,True
the,the,the,the,DET,True,True
Report,report,Report,report,PROPN,True,False
suggest,suggest,suggest,suggest,VERB,True,False
that,that,that,that,SCONJ,True,True
poverty,poverty,poverty,poverty,NOUN,True,False
has,has,have,have,AUX,True,True
risen,risen,rise,rise,VERB,True,False
from,from,from,from,ADP,True,True
40,40,40,40,NUM,False,False
percent,percent,percent,percent,NOUN,True,False
to,to,to,to,ADP,True,True
58,58,58,58,NUM,False,False
percent,percent,percent,percent,NOUN,True,False
in,in,in,in,ADP,True,True
the,the,the,the,DET,True,True
mountainous,mountainous,mountainous,mountainous,ADJ,True,False
/,/,/,/,SYM,False,False
plateau,plateau,plateau,plateau,NOUN,True,False
provinces,provinces,province,province,NOUN,True,False
inhabited,inhabited,inhabit,inhabit,VERB,True,False
by,by,by,by,ADP,True,True
indigenous,indigenous,indigenous,indigenous,ADJ,True,False
peoples,peoples,people,people,NOUN,True,False
.,.,.,.,PUNCT,False,False
According,according,accord,accord,VERB,True,False
to,to,to,to,ADP,True,True
the,the,the,the,DET,True,True
Report,report,Report,report,PROPN,True,False
",",",",",",",",PUNCT,False,False
this,this,this,this,DET,True,True
is,is,be,be,AUX,True,True
the,the,the,the,DET,True,True
only,only,only,only,ADJ,True,True
region,region,region,region,NOUN,True,False
in,in,in,in,ADP,True,True
the,the,the,the,DET,True,True
country,country,country,country,NOUN,True,False
where,where,where,where,ADV,True,True
poverty,poverty,poverty,poverty,NOUN,True,False
rates,rates,rate,rate,NOUN,True,False
have,have,have,have,AUX,True,True
increased,increased,increase,increase,VERB,True,False
during,during,during,during,ADP,True,True
the,the,the,the,DET,True,True
past,past,past,past,ADJ,True,False
decade,decade,decade,decade,NOUN,True,False
.,.,.,.,PUNCT,False,False
   ,   ,   ,   ,SPACE,False,False
Health,health,Health,health,PROPN,True,False
Maternal,maternal,Maternal,maternal,PROPN,True,False
mortality,mortality,mortality,mortality,NOUN,True,False
rates,rates,rate,rate,NOUN,True,False
remain,remain,remain,remain,VERB,True,False
disproportionately,disproportionately,disproportionately,disproportionately,ADV,True,False
high,high,high,high,ADJ,True,False
in,in,in,in,ADP,True,True
rural,rural,rural,rural,ADJ,True,False
areas,areas,area,area,NOUN,True,False
",",",",",",",",PUNCT,False,False
with,with,with,with,ADP,True,True
more,more,more,more,ADJ,True,True
than,than,than,than,SCONJ,True,True
450,450,450,450,NUM,False,False
deaths,deaths,death,death,NOUN,True,False
per,per,per,per,ADP,True,True
"100,000","100,000","100,000","100,000",NUM,False,False
live,live,live,live,ADJ,True,False
births,births,birth,birth,NOUN,True,False
.,.,.,.,PUNCT,False,False
Infant,infant,infant,infant,NOUN,True,False
mortality,mortality,mortality,mortality,NOUN,True,False
rates,rates,rate,rate,NOUN,True,False
are,are,be,be,AUX,True,True
also,also,also,also,ADV,True,True
alarming,alarming,alarming,alarming,ADJ,True,False
",",",",",",",",PUNCT,False,False
with,with,with,with,ADP,True,True
"30,000","30,000","30,000","30,000",NUM,False,False
children,children,child,child,NOUN,True,False
dying,dying,die,die,VERB,True,False
each,each,each,each,DET,True,True
year,year,year,year,NOUN,True,False
from,from,from,from,ADP,True,True
largely,largely,largely,largely,ADV,True,False
preventable,preventable,preventable,preventable,ADJ,True,False
causes,causes,cause,cause,NOUN,True,False
",",",",",",",",PUNCT,False,False
such,such,such,such,ADJ,True,True
as,as,as,as,SCONJ,True,True
malaria,malaria,malaria,malaria,NOUN,True,False
",",",",",",",",PUNCT,False,False
dengue,dengue,dengue,dengue,NOUN,True,False
",",",",",",",",PUNCT,False,False
diarrhea,diarrhea,diarrhea,diarrhea,NOUN,True,False
",",",",",",",",PUNCT,False,False
and,and,and,and,CCONJ,True,True
water,water,water,water,NOUN,True,False
-,-,-,-,PUNCT,False,False
borne,borne,bear,bear,VERB,True,False
diseases,diseases,disease,disease,NOUN,True,False
.,.,.,.,PUNCT,False,False
Data,data,datum,datum,NOUN,True,False
disaggregated,disaggregated,disaggregate,disaggregate,VERB,True,False
by,by,by,by,ADP,True,True
region,region,region,region,NOUN,True,False
show,show,show,show,VERB,True,True
that,that,that,that,SCONJ,True,True
the,the,the,the,DET,True,True
northeastern,northeastern,northeastern,northeastern,ADJ,True,False
provinces,provinces,province,province,NOUN,True,False
have,have,have,have,AUX,True,True
the,the,the,the,DET,True,True
highest,highest,high,high,ADJ,True,False
infant,infant,infant,infant,NOUN,True,False
and,and,and,and,CCONJ,True,True
maternal,maternal,maternal,maternal,ADJ,True,False
mortality,mortality,mortality,mortality,NOUN,True,False
rates,rates,rate,rate,NOUN,True,False
",",",",",",",",PUNCT,False,False
due,due,due,due,ADJ,True,True
in,in,in,in,ADP,True,True
part,part,part,part,NOUN,True,True
to,to,to,to,ADP,True,True
their,their,-PRON-,-pron-,PRON,True,True
remote,remote,remote,remote,ADJ,True,False
location,location,location,location,NOUN,True,False
and,and,and,and,CCONJ,True,True
inadequate,inadequate,inadequate,inadequate,ADJ,True,False
access,access,access,access,NOUN,True,False
to,to,to,to,ADP,True,True
basic,basic,basic,basic,ADJ,True,False
health,health,health,health,NOUN,True,False
services,services,service,service,NOUN,True,False
.,.,.,.,PUNCT,False,False
These,these,these,these,DET,True,True
areas,areas,area,area,NOUN,True,False
have,have,have,have,AUX,True,True
large,large,large,large,ADJ,True,False
populations,populations,population,population,NOUN,True,False
of,of,of,of,ADP,True,True
indigenous,indigenous,indigenous,indigenous,ADJ,True,False
peoples,peoples,people,people,NOUN,True,False
.,.,.,.,PUNCT,False,False
Education,education,education,education,NOUN,True,False
While,while,while,while,SCONJ,True,True
primary,primary,primary,primary,ADJ,True,False
school,school,school,school,NOUN,True,False
enrollments,enrollments,enrollment,enrollment,NOUN,True,False
have,have,have,have,AUX,True,True
significantly,significantly,significantly,significantly,ADV,True,False
improved,improved,improve,improve,VERB,True,False
",",",",",",",",PUNCT,False,False
retention,retention,retention,retention,NOUN,True,False
is,is,be,be,AUX,True,True
a,a,a,a,DET,True,True
major,major,major,major,ADJ,True,False
concern,concern,concern,concern,NOUN,True,False
.,.,.,.,PUNCT,False,False
The,the,the,the,DET,True,True
Report,report,Report,report,PROPN,True,False
states,states,state,state,VERB,True,False
that,that,that,that,SCONJ,True,True
fewer,fewer,few,few,ADJ,True,False
than,than,than,than,SCONJ,True,True
50,50,50,50,NUM,False,False
percent,percent,percent,percent,NOUN,True,False
of,of,of,of,ADP,True,True
enrolled,enrolled,enrol,enrol,VERB,True,False
children,children,child,child,NOUN,True,False
complete,complete,complete,complete,VERB,True,False
the,the,the,the,DET,True,True
sixth,sixth,sixth,sixth,ADJ,True,False
grade,grade,grade,grade,NOUN,True,False
",",",",",",",",PUNCT,False,False
which,which,which,which,PRON,True,True
implies,implies,imply,imply,VERB,True,False
that,that,that,that,SCONJ,True,True
a,a,a,a,DET,True,True
large,large,large,large,ADJ,True,False
percentage,percentage,percentage,percentage,NOUN,True,False
of,of,of,of,ADP,True,True
the,the,the,the,DET,True,True
future,future,future,future,ADJ,True,False
labor,labor,labor,labor,NOUN,True,False
force,force,force,force,NOUN,True,False
may,may,may,may,AUX,True,True
not,not,not,not,PART,True,True
be,be,be,be,AUX,True,True
able,able,able,able,ADJ,True,False
to,to,to,to,PART,True,True
compete,compete,compete,compete,VERB,True,False
in,in,in,in,ADP,True,True
the,the,the,the,DET,True,True
knowledge,knowledge,knowledge,knowledge,NOUN,True,False
-,-,-,-,PUNCT,False,False
based,based,base,base,VERB,True,False
economies,economies,economy,economy,NOUN,True,False
.,.,.,.,PUNCT,False,False
According,according,accord,accord,VERB,True,False
to,to,to,to,ADP,True,True
the,the,the,the,DET,True,True
Report,report,Report,report,PROPN,True,False
",",",",",",",",PUNCT,False,False
real,real,real,real,ADJ,True,False
achievements,achievements,achievement,achievement,NOUN,True,False
in,in,in,in,ADP,True,True
education,education,education,education,NOUN,True,False
remain,remain,remain,remain,VERB,True,False
elusive,elusive,elusive,elusive,ADJ,True,False
",",",",",",",",PUNCT,False,False
and,and,and,and,CCONJ,True,True
improving,improving,improve,improve,VERB,True,False
primary,primary,primary,primary,ADJ,True,False
school,school,school,school,NOUN,True,False
enrollment,enrollment,enrollment,enrollment,NOUN,True,False
rates,rates,rate,rate,NOUN,True,False
",",",",",",",",PUNCT,False,False
especially,especially,especially,especially,ADV,True,False
for,for,for,for,ADP,True,True
girls,girls,girl,girl,NOUN,True,False
",",",",",",",",PUNCT,False,False
remains,remains,remain,remain,VERB,True,False
a,a,a,a,DET,True,True
challenge,challenge,challenge,challenge,NOUN,True,False
.,.,.,.,PUNCT,False,False
 , , , ,SPACE,False,False
The,the,the,the,DET,True,True
Report,report,Report,report,PROPN,True,False
does,does,do,do,AUX,True,True
not,not,not,not,PART,True,True
specifically,specifically,specifically,specifically,ADV,True,False
mention,mention,mention,mention,VERB,True,False
the,the,the,the,DET,True,True
education,education,education,education,NOUN,True,False
situation,situation,situation,situation,NOUN,True,False
of,of,of,of,ADP,True,True
indigenous,indigenous,indigenous,indigenous,ADJ,True,False
children,children,child,child,NOUN,True,False
;,;,;,;,PUNCT,False,False
however,however,however,however,ADV,True,True
",",",",",",",",PUNCT,False,False
disaggregated,disaggregated,disaggregate,disaggregate,VERB,True,False
data,data,datum,datum,NOUN,True,False
show,show,show,show,VERB,True,True
that,that,that,that,SCONJ,True,True
the,the,the,the,DET,True,True
northeast,northeast,northeast,northeast,NOUN,True,False
provinces,provinces,province,province,NOUN,True,False
have,have,have,have,AUX,True,True
some,some,some,some,DET,True,True
of,of,of,of,ADP,True,True
the,the,the,the,DET,True,True
lowest,lowest,low,low,ADJ,True,False
primary,primary,primary,primary,ADJ,True,False
school,school,school,school,NOUN,True,False
enrollment,enrollment,enrollment,enrollment,NOUN,True,False
and,and,and,and,CCONJ,True,True
literacy,literacy,literacy,literacy,NOUN,True,False
-,-,-,-,PUNCT,False,False
to,to,to,to,ADP,True,True
-,-,-,-,PUNCT,False,False
population,population,population,population,NOUN,True,False
rates,rates,rate,rate,NOUN,True,False
",",",",",",",",PUNCT,False,False
particularly,particularly,particularly,particularly,ADV,True,False
Rattanakiri,rattanakiri,Rattanakiri,rattanakiri,PROPN,True,False
and,and,and,and,CCONJ,True,True
Stueng,stueng,Stueng,stueng,PROPN,True,False
TrengŠboth,trengšboth,TrengŠboth,trengšboth,PROPN,True,False
of,of,of,of,ADP,True,True
which,which,which,which,PRON,True,True
have,have,have,have,AUX,True,True
large,large,large,large,ADJ,True,False
populations,populations,population,population,NOUN,True,False
of,of,of,of,ADP,True,True
indigenous,indigenous,indigenous,indigenous,ADJ,True,False
people,people,people,people,NOUN,True,False
.,.,.,.,PUNCT,False,False
 , , , ,SPACE,False,False
Natural,natural,natural,natural,ADJ,True,False
resources,resources,resource,resource,NOUN,True,False
Land,land,land,land,NOUN,True,False
conflicts,conflicts,conflict,conflict,NOUN,True,False
are,are,be,be,AUX,True,True
rising,rising,rise,rise,VERB,True,False
due,due,due,due,ADP,True,True
to,to,to,to,ADP,True,True
land,land,land,land,NOUN,True,False
grabbing,grabbing,grabbing,grabbing,NOUN,True,False
and,and,and,and,CCONJ,True,True
the,the,the,the,DET,True,True
Economic,economic,Economic,economic,PROPN,True,False
Land,land,Land,land,PROPN,True,False
Concessions,concessions,Concessions,concessions,PROPN,True,False
(,(,(,(,PUNCT,False,False
ELCs,elcs,ELCs,elcs,PROPN,True,False
),),),),PUNCT,False,False
policy,policy,policy,policy,NOUN,True,False
",",",",",",",",PUNCT,False,False
which,which,which,which,PRON,True,True
allows,allows,allow,allow,VERB,True,False
the,the,the,the,DET,True,True
government,government,government,government,NOUN,True,False
to,to,to,to,PART,True,True
give,give,give,give,VERB,True,True
several,several,several,several,ADJ,True,True
thousand,thousand,thousand,thousand,NUM,True,False
hectares,hectares,hectare,hectare,NOUN,True,False
of,of,of,of,ADP,True,True
land,land,land,land,NOUN,True,False
to,to,to,to,ADP,True,True
private,private,private,private,ADJ,True,False
companies,companies,company,company,NOUN,True,False
in,in,in,in,ADP,True,True
order,order,order,order,NOUN,True,False
to,to,to,to,PART,True,True
boost,boost,boost,boost,VERB,True,False
commercial,commercial,commercial,commercial,ADJ,True,False
production,production,production,production,NOUN,True,False
of,of,of,of,ADP,True,True
crops.13,crops.13,crops.13,crops.13,PROPN,False,False
ELCs,elcs,ELCs,elcs,PROPN,True,False
",",",",",",",",PUNCT,False,False
however,however,however,however,ADV,True,True
",",",",",",",",PUNCT,False,False
have,have,have,have,AUX,True,True
been,been,be,be,AUX,True,True
given,given,give,give,VERB,True,False
out,out,out,out,ADP,True,True
ﬁwithout,ﬁwithout,ﬁwithout,ﬁwithout,ADP,True,False
following,following,follow,follow,VERB,True,False
the,the,the,the,DET,True,True
due,due,due,due,ADJ,True,True
legal,legal,legal,legal,ADJ,True,False
process,process,process,process,NOUN,True,False
and,and,and,and,CCONJ,True,True
with,with,with,with,ADP,True,True
little,little,little,little,ADJ,True,False
transparencyﬂ14,transparencyﬂ14,transparencyﬂ14,transparencyﬂ14,NOUN,False,False
and,and,and,and,CCONJ,True,True
have,have,have,have,AUX,True,True
resulted,resulted,result,result,VERB,True,False
in,in,in,in,ADP,True,True
pushing,pushing,push,push,VERB,True,False
out,out,out,out,ADP,True,True
the,the,the,the,DET,True,True
more,more,more,more,ADV,True,True
vulnerable,vulnerable,vulnerable,vulnerable,ADJ,True,False
and,and,and,and,CCONJ,True,True
less,less,less,less,ADV,True,True
-,-,-,-,PUNCT,False,False
informed,informed,inform,inform,VERB,True,False
rural,rural,rural,rural,ADJ,True,False
people,people,people,people,NOUN,True,False
.,.,.,.,PUNCT,False,False
Landlessness,landlessness,landlessness,landlessness,NOUN,True,False
among,among,among,among,ADP,True,True
rural,rural,rural,rural,ADJ,True,False
households,households,household,household,NOUN,True,False
is,is,be,be,AUX,True,True
increasing,increasing,increase,increase,VERB,True,False
",",",",",",",",PUNCT,False,False
and,and,and,and,CCONJ,True,True
this,this,this,this,DET,True,True
is,is,be,be,AUX,True,True
particularly,particularly,particularly,particularly,ADV,True,False
true,true,true,true,ADJ,True,False
for,for,for,for,ADP,True,True
indigenous,indigenous,indigenous,indigenous,ADJ,True,False
peoples,peoples,people,people,NOUN,True,False
in,in,in,in,ADP,True,True
the,the,the,the,DET,True,True
northeastern,northeastern,northeastern,northeastern,ADJ,True,False
provinces,provinces,province,province,NOUN,True,False
who,who,who,who,PRON,True,True
still,still,still,still,ADV,True,True
lack,lack,lack,lack,VERB,True,False
community,community,community,community,NOUN,True,False
title,title,title,title,NOUN,True,False
to,to,to,to,ADP,True,True
their,their,-PRON-,-pron-,PRON,True,True
ancestral,ancestral,ancestral,ancestral,ADJ,True,False
lands,lands,land,land,NOUN,True,False
despite,despite,despite,despite,SCONJ,True,False
provisions,provisions,provision,provision,NOUN,True,False
in,in,in,in,ADP,True,True
the,the,the,the,DET,True,True
2001,2001,2001,2001,NUM,False,False
Land,land,Land,land,PROPN,True,False
Law,law,Law,law,PROPN,True,False
",",",",",",",",PUNCT,False,False
which,which,which,which,PRON,True,True
recognizes,recognizes,recognize,recognize,VERB,True,False
the,the,the,the,DET,True,True
collective,collective,collective,collective,ADJ,True,False
land,land,land,land,NOUN,True,False
rights,rights,right,right,NOUN,True,False
of,of,of,of,ADP,True,True
indigenous,indigenous,indigenous,indigenous,ADJ,True,False
peoples,peoples,people,people,NOUN,True,False
.,.,.,.,PUNCT,False,False
According,according,accord,accord,VERB,True,False
to,to,to,to,ADP,True,True
the,the,the,the,DET,True,True
Report,report,Report,report,PROPN,True,False
",",",",",",",",PUNCT,False,False
not,not,not,not,PART,True,True
a,a,a,a,DET,True,True
single,single,single,single,ADJ,True,False
collective,collective,collective,collective,ADJ,True,False
ownership,ownership,ownership,ownership,NOUN,True,False
title,title,title,title,NOUN,True,False
has,has,have,have,AUX,True,True
yet,yet,yet,yet,ADV,True,True
been,been,be,be,AUX,True,True
awarded,awarded,award,award,VERB,True,False
",",",",",",",",PUNCT,False,False
and,and,and,and,CCONJ,True,True
lack,lack,lack,lack,NOUN,True,False
of,of,of,of,ADP,True,True
enforcement,enforcement,enforcement,enforcement,NOUN,True,False
has,has,have,have,AUX,True,True
rendered,rendered,render,render,VERB,True,False
 , , , ,SPACE,False,False
encroachment,encroachment,encroachment,encroachment,NOUN,True,False
and,and,and,and,CCONJ,True,True
exploitation,exploitation,exploitation,exploitation,NOUN,True,False
.,.,.,.,PUNCT,False,False
In,in,in,in,ADP,True,True
addition,addition,addition,addition,NOUN,True,False
",",",",",",",",PUNCT,False,False
natural,natural,natural,natural,ADJ,True,False
resources,resources,resource,resource,NOUN,True,False
",",",",",",",",PUNCT,False,False
such,such,such,such,ADJ,True,True
as,as,as,as,SCONJ,True,True
fish,fish,fish,fish,NOUN,True,False
and,and,and,and,CCONJ,True,True
forests,forests,forest,forest,NOUN,True,False
",",",",",",",",PUNCT,False,False
necessary,necessary,necessary,necessary,ADJ,True,False
for,for,for,for,ADP,True,True
their,their,-PRON-,-pron-,PRON,True,True
subsistence,subsistence,subsistence,subsistence,NOUN,True,False
and,and,and,and,CCONJ,True,True
livelihood,livelihood,livelihood,livelihood,NOUN,True,False
are,are,be,be,AUX,True,True
being,being,be,be,AUX,True,True
depleted,depleted,deplete,deplete,VERB,True,False
due,due,due,due,ADP,True,True
to,to,to,to,ADP,True,True
encroachment,encroachment,encroachment,encroachment,NOUN,True,False
and,and,and,and,CCONJ,True,True
overexploitation,overexploitation,overexploitation,overexploitation,NOUN,True,False
.,.,.,.,PUNCT,False,False
Data,data,datum,datum,NOUN,True,False
in,in,in,in,ADP,True,True
the,the,the,the,DET,True,True
Report,report,Report,report,PROPN,True,False
suggest,suggest,suggest,suggest,VERB,True,False
that,that,that,that,SCONJ,True,True
indigenous,indigenous,indigenous,indigenous,ADJ,True,False
peoples,peoples,people,people,NOUN,True,False
have,have,have,have,AUX,True,True
already,already,already,already,ADV,True,True
lost,lost,lose,lose,VERB,True,False
30,30,30,30,NUM,False,False
percent,percent,percent,percent,NOUN,True,False
of,of,of,of,ADP,True,True
their,their,-PRON-,-pron-,PRON,True,True
traditional,traditional,traditional,traditional,ADJ,True,False
forest,forest,forest,forest,NOUN,True,False
lands.15,lands.15,lands.15,lands.15,NOUN,False,False
In,in,in,in,ADP,True,True
response,response,response,response,NOUN,True,False
to,to,to,to,ADP,True,True
these,these,these,these,DET,True,True
issues,issues,issue,issue,NOUN,True,False
",",",",",",",",PUNCT,False,False
the,the,the,the,DET,True,True
Report,report,Report,report,PROPN,True,False
included,included,include,include,VERB,True,False
a,a,a,a,DET,True,True
highlighted,highlighted,highlight,highlight,VERB,True,False
section,section,section,section,NOUN,True,False
where,where,where,where,ADV,True,True
indigenous,indigenous,indigenous,indigenous,ADJ,True,False
peoples,peoples,people,people,NOUN,True,False
voiced,voiced,voice,voice,VERB,True,False
out,out,out,out,ADP,True,True
their,their,-PRON-,-pron-,PRON,True,True
concerns,concerns,concern,concern,NOUN,True,False
and,and,and,and,CCONJ,True,True
asked,asked,ask,ask,VERB,True,False
that,that,that,that,SCONJ,True,True
their,their,-PRON-,-pron-,PRON,True,True
rights,rights,right,right,NOUN,True,False
be,be,be,be,AUX,True,True
recognized,recognized,recognize,recognize,VERB,True,False
.,.,.,.,PUNCT,False,False
The,the,the,the,DET,True,True
following,following,follow,follow,VERB,True,False
is,is,be,be,AUX,True,True
an,an,an,an,DET,True,True
excerpt,excerpt,excerpt,excerpt,NOUN,True,False
:,:,:,:,PUNCT,False,False
Indigenous,indigenous,indigenous,indigenous,ADJ,True,False
peoples,peoples,people,people,NOUN,True,False
™,™,™,™,PROPN,False,False
livelihood,livelihood,livelihood,livelihood,NOUN,True,False
depends,depends,depend,depend,VERB,True,False
on,on,on,on,ADP,True,True
forest,forest,forest,forest,NOUN,True,False
produce,produce,produce,produce,NOUN,True,False
.,.,.,.,PUNCT,False,False
It,it,-PRON-,-pron-,PRON,True,True
is,is,be,be,AUX,True,True
not,not,not,not,PART,True,True
destructive,destructive,destructive,destructive,ADJ,True,False
to,to,to,to,ADP,True,True
the,the,the,the,DET,True,True
forest,forest,forest,forest,NOUN,True,False
because,because,because,because,SCONJ,True,True
we,we,-PRON-,-pron-,PRON,True,True
think,think,think,think,VERB,True,False
that,that,that,that,SCONJ,True,True
the,the,the,the,DET,True,True
land,land,land,land,NOUN,True,False
and,and,and,and,CCONJ,True,True
forest,forest,forest,forest,NOUN,True,False
",",",",",",",",PUNCT,False,False
preserved,preserved,preserve,preserve,VERB,True,False
by,by,by,by,ADP,True,True
our,our,-PRON-,-pron-,PRON,True,True
ancestors,ancestors,ancestor,ancestor,NOUN,True,False
",",",",",",",",PUNCT,False,False
are,are,be,be,AUX,True,True
our,our,-PRON-,-pron-,PRON,True,True
lives,lives,life,life,NOUN,True,False
.,.,.,.,PUNCT,False,False
We,we,-PRON-,-pron-,PRON,True,True
speak,speak,speak,speak,VERB,True,False
different,different,different,different,ADJ,True,False
languages,languages,language,language,NOUN,True,False
",",",",",",",",PUNCT,False,False
depending,depending,depend,depend,VERB,True,False
on,on,on,on,ADP,True,True
each,each,each,each,DET,True,True
particular,particular,particular,particular,ADJ,True,False
indigenous,indigenous,indigenous,indigenous,ADJ,True,False
people,people,people,people,NOUN,True,False
.,.,.,.,PUNCT,False,False
The,the,the,the,DET,True,True
indigenous,indigenous,indigenous,indigenous,ADJ,True,False
people,people,people,people,NOUN,True,False
are,are,be,be,AUX,True,True
determined,determined,determined,determined,ADJ,True,False
to,to,to,to,PART,True,True
retain,retain,retain,retain,VERB,True,False
this,this,this,this,DET,True,True
knowledge,knowledge,knowledge,knowledge,NOUN,True,False
–,–,–,–,PUNCT,False,False
We,we,-PRON-,-pron-,PRON,True,True
would,would,would,would,AUX,True,True
like,like,like,like,VERB,True,False
to,to,to,to,PART,True,True
request,request,request,request,VERB,True,False
to,to,to,to,ADP,True,True
the,the,the,the,DET,True,True
Government,government,Government,government,PROPN,True,False
that,that,that,that,PRON,True,True
land,land,land,land,NOUN,True,False
security,security,security,security,NOUN,True,False
is,is,be,be,AUX,True,True
ensured,ensured,ensure,ensure,VERB,True,False
",",",",",",",",PUNCT,False,False
forest,forest,forest,forest,NOUN,True,False
and,and,and,and,CCONJ,True,True
natural,natural,natural,natural,ADJ,True,False
resources,resources,resource,resource,NOUN,True,False
are,are,be,be,AUX,True,True
protected,protected,protect,protect,VERB,True,False
",",",",",",",",PUNCT,False,False
some,some,some,some,DET,True,True
social,social,social,social,ADJ,True,False
services,services,service,service,NOUN,True,False
are,are,be,be,AUX,True,True
provided,provided,provide,provide,VERB,True,False
such,such,such,such,ADJ,True,True
as,as,as,as,SCONJ,True,True
health,health,health,health,NOUN,True,False
",",",",",",",",PUNCT,False,False
language,language,language,language,NOUN,True,False
education,education,education,education,NOUN,True,False
is,is,be,be,AUX,True,True
offered,offered,offer,offer,VERB,True,False
",",",",",",",",PUNCT,False,False
and,and,and,and,CCONJ,True,True
the,the,the,the,DET,True,True
rights,rights,right,right,NOUN,True,False
of,of,of,of,ADP,True,True
indigenous,indigenous,indigenous,indigenous,ADJ,True,False
people,people,people,people,NOUN,True,False
are,are,be,be,AUX,True,True
more,more,more,more,ADV,True,True
broadly,broadly,broadly,broadly,ADV,True,False
promoted,promoted,promote,promote,VERB,True,False
in,in,in,in,ADP,True,True
Cambodia.16,cambodia.16,Cambodia.16,cambodia.16,PROPN,False,False
 , , , ,SPACE,False,False
Conclusion,conclusion,conclusion,conclusion,NOUN,True,False
The,the,the,the,DET,True,True
2007,2007,2007,2007,NUM,False,False
HDR,hdr,HDR,hdr,PROPN,True,False
from,from,from,from,ADP,True,True
Cambodia,cambodia,Cambodia,cambodia,PROPN,True,False
states,states,state,state,VERB,True,False
that,that,that,that,SCONJ,True,True
in,in,in,in,ADP,True,True
order,order,order,order,NOUN,True,False
to,to,to,to,PART,True,True
achieve,achieve,achieve,achieve,VERB,True,False
Cambodia,cambodia,Cambodia,cambodia,PROPN,True,False
™,™,™,™,PROPN,False,False
s,s,s,s,NOUN,True,False
MDGs,mdgs,mdgs,mdgs,NOUN,True,False
and,and,and,and,CCONJ,True,True
improve,improve,improve,improve,VERB,True,False
human,human,human,human,ADJ,True,False
development,development,development,development,NOUN,True,False
",",",",",",",",PUNCT,False,False
the,the,the,the,DET,True,True
country,country,country,country,NOUN,True,False
will,will,will,will,AUX,True,True
need,need,need,need,VERB,True,False
to,to,to,to,PART,True,True
focus,focus,focus,focus,VERB,True,False
on,on,on,on,ADP,True,True
improving,improving,improve,improve,VERB,True,False
rural,rural,rural,rural,ADJ,True,False
livelihoods,livelihoods,livelihood,livelihood,NOUN,True,False
",",",",",",",",PUNCT,False,False
targeting,targeting,target,target,VERB,True,False
areas,areas,area,area,NOUN,True,False
that,that,that,that,PRON,True,True
are,are,be,be,AUX,True,True
experiencing,experiencing,experience,experience,VERB,True,False
low,low,low,low,ADJ,True,False
income,income,income,income,NOUN,True,False
distribution,distribution,distribution,distribution,NOUN,True,False
and,and,and,and,CCONJ,True,True
inadequate,inadequate,inadequate,inadequate,ADJ,True,False
access,access,access,access,NOUN,True,False
to,to,to,to,ADP,True,True
land,land,land,land,NOUN,True,False
",",",",",",",",PUNCT,False,False
goods,goods,good,good,NOUN,True,False
",",",",",",",",PUNCT,False,False
and,and,and,and,CCONJ,True,True
services,services,service,service,NOUN,True,False
that,that,that,that,PRON,True,True
will,will,will,will,AUX,True,True
allow,allow,allow,allow,VERB,True,False
them,them,-PRON-,-pron-,PRON,True,True
to,to,to,to,PART,True,True
live,live,live,live,VERB,True,False
sustainable,sustainable,sustainable,sustainable,ADJ,True,False
lives,lives,life,life,NOUN,True,False
.,.,.,.,PUNCT,False,False
Proposed,proposed,propose,propose,VERB,True,False
reforms,reforms,reform,reform,NOUN,True,False
include,include,include,include,VERB,True,False
increasing,increasing,increase,increase,VERB,True,False
rural,rural,rural,rural,ADJ,True,False
people,people,people,people,NOUN,True,False
™,™,™,™,PROPN,False,False
s,s,s,s,PART,True,False
access,access,access,access,NOUN,True,False
to,to,to,to,ADP,True,True
land,land,land,land,NOUN,True,False
and,and,and,and,CCONJ,True,True
natural,natural,natural,natural,ADJ,True,False
resources,resources,resource,resource,NOUN,True,False
and,and,and,and,CCONJ,True,True
making,making,make,make,VERB,True,False
investments,investments,investment,investment,NOUN,True,False
in,in,in,in,ADP,True,True
rural,rural,rural,rural,ADJ,True,False
infrastructure,infrastructure,infrastructure,infrastructure,NOUN,True,False
as,as,as,as,ADV,True,True
well,well,well,well,ADV,True,True
as,as,as,as,SCONJ,True,True
human,human,human,human,ADJ,True,False
capital,capital,capital,capital,NOUN,True,False
in,in,in,in,ADP,True,True
order,order,order,order,NOUN,True,False
to,to,to,to,PART,True,True
improve,improve,improve,improve,VERB,True,False
the,the,the,the,DET,True,True
quality,quality,quality,quality,NOUN,True,False
of,of,of,of,ADP,True,True
life,life,life,life,NOUN,True,False
of,of,of,of,ADP,True,True
people,people,people,people,NOUN,True,False
living,living,live,live,VERB,True,False
in,in,in,in,ADP,True,True
rural,rural,rural,rural,ADJ,True,False
areas,areas,area,area,NOUN,True,False
.,.,.,.,PUNCT,False,False
In,in,in,in,ADP,True,True
terms,terms,term,term,NOUN,True,False
of,of,of,of,ADP,True,True
poverty,poverty,poverty,poverty,NOUN,True,False
and,and,and,and,CCONJ,True,True
human,human,human,human,ADJ,True,False
development,development,development,development,NOUN,True,False
",",",",",",",",PUNCT,False,False
indigenous,indigenous,indigenous,indigenous,ADJ,True,False
peoples,peoples,people,people,NOUN,True,False
rank,rank,rank,rank,VERB,True,False
as,as,as,as,SCONJ,True,True
poorer,poorer,poor,poor,ADJ,True,False
and,and,and,and,CCONJ,True,True
have,have,have,have,AUX,True,True
lower,lower,low,low,ADJ,True,False
human,human,human,human,ADJ,True,False
development,development,development,development,NOUN,True,False
compared,compared,compare,compare,VERB,True,False
with,with,with,with,ADP,True,True
the,the,the,the,DET,True,True
rest,rest,rest,rest,NOUN,True,False
of,of,of,of,ADP,True,True
the,the,the,the,DET,True,True
Cambodian,cambodian,cambodian,cambodian,ADJ,True,False
populace,populace,populace,populace,NOUN,True,False
.,.,.,.,PUNCT,False,False
In,in,in,in,ADP,True,True
addition,addition,addition,addition,NOUN,True,False
",",",",",",",",PUNCT,False,False
they,they,-PRON-,-pron-,PRON,True,True
face,face,face,face,VERB,True,False
land,land,land,land,NOUN,True,False
alienation,alienation,alienation,alienation,NOUN,True,False
due,due,due,due,ADJ,True,True
to,to,to,to,ADP,True,True
land,land,land,land,NOUN,True,False
grabbing,grabbing,grabbing,grabbing,NOUN,True,False
and,and,and,and,CCONJ,True,True
concessions,concessions,concession,concession,NOUN,True,False
.,.,.,.,PUNCT,False,False
It,it,-PRON-,-pron-,PRON,True,True
is,is,be,be,AUX,True,True
encouraging,encouraging,encouraging,encouraging,ADJ,True,False
to,to,to,to,PART,True,True
see,see,see,see,VERB,True,True
that,that,that,that,SCONJ,True,True
the,the,the,the,DET,True,True
Human,human,Human,human,PROPN,True,False
Development,development,Development,development,PROPN,True,False
Report,report,Report,report,PROPN,True,False
addresses,addresses,address,address,VERB,True,False
these,these,these,these,DET,True,True
issues,issues,issue,issue,NOUN,True,False
and,and,and,and,CCONJ,True,True
proposes,proposes,propose,propose,VERB,True,False
sound,sound,sound,sound,ADJ,True,False
recommendations,recommendations,recommendation,recommendation,NOUN,True,False
to,to,to,to,PART,True,True
improve,improve,improve,improve,VERB,True,False
the,the,the,the,DET,True,True
lives,lives,life,life,NOUN,True,False
of,of,of,of,ADP,True,True
indigenous,indigenous,indigenous,indigenous,ADJ,True,False
Cambodians,cambodians,Cambodians,cambodians,PROPN,True,False
.,.,.,.,PUNCT,False,False
  ,  ,  ,  ,SPACE,False,False
